Well,Replicate,StdArea,Pdt1Area,Pdt2Area,NormIso1,NormIso2,cis Yield (%),trans Yield (%),Type,Well
WYLQF,1,454,437,965,0.962555066,2.125550661,5.43215614,12.6205929,Parent,C5
WYLQF,2,454,453,969,0.997797357,2.134361233,5.647560399,12.67542935,Parent,C5
WYLQF,3,456,500,1115,1.096491228,2.445175439,6.250786798,14.60991746,Parent,C5
SWWSY,1,437,2114,175,4.837528604,0.400457666,29.11636577,1.883722325,Random,A10
SWWSY,2,462,1679,132,3.634199134,0.285714286,21.76150073,1.169566725,Random,A10
SWWSY,3,448,2416,191,5.392857143,0.426339286,32.51058702,2.044807903,Random,A10
FRMNY,1,462,2890,371,6.255411255,0.803030303,37.78260042,4.389309162,Random,B2
FRMNY,2,459,3111,369,6.777777778,0.803921569,40.97535467,4.394856343,Random,B2
FRMNY,3,448,3174,366,7.084821429,0.816964286,42.85203489,4.476033396,Random,B2
SAFRY,1,451,2475,418,5.487804878,0.926829268,33.09091668,5.159826155,Random,B8
SAFRY,2,458,2808,484,6.131004367,1.056768559,37.0222136,5.968560148,Random,B8
SAFRY,3,454,2642,539,5.81938326,1.18722467,35.11755553,6.780510796,Random,B8
TSGMY,1,447,1630,484,3.646532438,1.082774049,21.83688307,6.130416688,Random,G3
TSGMY,2,465,1711,518,3.679569892,1.113978495,22.03881115,6.324631198,Random,G3
TSGMY,3,464,1399,443,3.015086207,0.954741379,17.97742318,5.333549383,Random,G3
FKFNY,1,468,2728,254,5.829059829,0.542735043,35.17669965,2.769247792,Predicted,NA
FKFNY,2,439,2985,265,6.799544419,0.603644647,41.10839447,3.148345347,Predicted,NA
FKFNY,3,464,3456,301,7.448275862,0.648706897,45.07350322,3.428809962,Predicted,NA
MKFNY,1,454,3573,206,7.870044053,0.453744493,47.65139082,2.215376196,Predicted,NA
MKFNY,2,472,3650,199,7.733050847,0.421610169,46.81407522,2.01537418,Predicted,NA
MKFNY,3,455,3187,174,7.004395604,0.382417582,42.36046455,1.771441977,Predicted,NA
FYFNY,1,475,3702,333,7.793684211,0.701052632,47.18467215,3.754606533,Predicted,NA
FYFNY,2,474,3572,299,7.535864979,0.630801688,45.6088563,3.317369066,Predicted,NA
FYFNY,3,466,3600,288,7.725321888,0.618025751,46.76683509,3.237852437,Predicted,NA
FKTNY,1,482,3063,390,6.354771784,0.809128631,38.3899015,4.427264771,Predicted,NA
FKTNY,2,483,3275,392,6.780538302,0.811594203,40.99222726,4.442610337,Predicted,NA
FKTNY,3,466,3170,403,6.802575107,0.864806867,41.12691833,4.77380262,Predicted,NA